-- ============================================================
-- SEED EXTRA - e_Patrimoniu (local)
-- 20 proprietati, 24 tranzactii, 30 contracte, 44 licitatii
-- UUID-uri valide (doar hex: 0-9, a-f)
-- ============================================================

-- ============================================================
-- PROPERTIES (20 inregistrari noi)
-- ============================================================
INSERT INTO properties (id, denumire, tip, adresa, localitate, domeniu_juridic, numar_cadastral, numar_carte_f, suprafata, valoare_inventar, destinatie, status, descriere, created_by) VALUES
('a1000001-0001-0001-0001-000000000001','Teren Str. Mihai Viteazu nr. 5','teren','Str. Mihai Viteazu nr. 5','Iași','public','100001','CF-100001',980.00,65000.00,'Spatiu verde si alei pietonale','activ','Teren domeniu public, amenajat partial','user_admin_001'),
('a1000002-0002-0002-0002-000000000002','Cladire Scoala Generala nr. 4','cladire','Str. Independentei nr. 22','Iași','public','100002','CF-100002',2100.00,850000.00,'Unitate de invatamant preuniversitar','activ','Cladire P+2, scoala generala cu 12 clase','user_admin_001'),
('a1000003-0003-0003-0003-000000000003','Spatiu Birou Etaj 2 Centru Civic','spatiu','B-dul Decebal nr. 3, et. 2','Iași','privat','100003','CF-100003',320.00,280000.00,'Spatii birouri administratie locala','activ','Spatiu open-space 10 birouri, parcare inclusa','user_func_001'),
('a1000004-0004-0004-0004-000000000004','Teren Zona Industriala Sud','teren','Str. Fabricii nr. 88','Iași','privat','100004','CF-100004',12500.00,380000.00,'Platforma industriala foste uzine','activ','Teren intravilan, fost amplasament fabrica','user_func_002'),
('a1000005-0005-0005-0005-000000000005','Constructie Centru Cultural','constructie','Piata Unirii nr. 7','Iași','public','100005','CF-100005',1450.00,620000.00,'Centru cultural evenimente locale','activ','Cladire renovata 2022, sala spectacole 300 locuri','user_admin_001'),
('a1000006-0006-0006-0006-000000000006','Teren Parc Industrial Vest','teren','Str. Aeroportului nr. 15','Iași','privat','100006','CF-100006',35000.00,920000.00,'Parc industrial cu infrastructura','activ','Teren cu utilitati edilitare, acces TIR','user_func_003'),
('a1000007-0007-0007-0007-000000000007','Cladire Spital Municipal Sectie','cladire','Str. Dr. Liviu Gabor nr. 11','Iași','public','100007','CF-100007',3600.00,2100000.00,'Sectie chirurgie spital municipal','activ','Corp C spital, renovare 2021, 60 paturi','user_admin_001'),
('a1000008-0008-0008-0008-000000000008','Spatiu Comercial Piata Agro','spatiu','Str. Piata Agro nr. 2','Iași','public','100008','CF-100008',780.00,450000.00,'Hala piata agroalimentara','activ','Piata acoperita, 42 tarabe, parcare 80 locuri','user_func_001'),
('a1000009-0009-0009-0009-000000000009','Teren Cimitir Municipal Extindere','teren','Str. Eternitatii nr. 1','Iași','public','100009','CF-100009',18000.00,95000.00,'Extindere cimitir municipal','activ','Teren rezervat extindere cimitir, fara constructii','user_func_002'),
('a100000a-000a-000a-000a-00000000000a','Cladire Gradinita cu Program Normal','cladire','Str. Florilor nr. 44','Iași','public','10000a','CF-10000a',650.00,320000.00,'Gradinita 4 grupe copii 3-6 ani','activ','Cladire P, dotata complet, teren de joaca','user_func_001'),
('a100000b-000b-000b-000b-00000000000b','Spatiu Tehnic Statie Pompare','spatiu','Str. Apelor nr. 3','Iași','public','10000b','CF-10000b',180.00,85000.00,'Statie pompare apa uzata','activ','Spatiu tehnic, statie pompare, acces limitat','user_func_003'),
('a100000c-000c-000c-000c-00000000000c','Teren Fasie Protectie Cale Ferata','teren','Str. Garii nr. 0','Iași','public','10000c','CF-10000c',4200.00,28000.00,'Fasie protectie cale ferata','inactiv','Teren restrictionat, zona protectie CF','user_admin_001'),
('a100000d-000d-000d-000d-00000000000d','Cladire Sediu Primarie Comuna','cladire','Str. Principala nr. 1','Iași','public','10000d','CF-10000d',420.00,180000.00,'Sediu primarie si consiliu local','activ','Cladire P+1, birou primar si consilieri','user_func_002'),
('a100000e-000e-000e-000e-00000000000e','Teren Sport Complex Multifunctional','teren','Str. Sportivilor nr. 10','Iași','public','10000e','CF-10000e',8800.00,340000.00,'Complex sportiv cu terenuri','activ','Teren fotbal, tenis, baschet, atletism','user_admin_001'),
('a100000f-000f-000f-000f-00000000000f','Constructie Depou Transport Local','constructie','Str. Tramvaielor nr. 5','Iași','public','10000f','CF-10000f',6200.00,750000.00,'Depou si atelier reparatii tramvaie','activ','Depou 12 tramvaie, atelier, birou dispecer','user_func_003'),
('a1000010-0010-0010-0010-000000000010','Spatiu Comercial Mall Zona Nord','spatiu','Calea Floresti nr. 120, sp. 15','Iași','privat','100010','CF-100010',240.00,380000.00,'Spatiu retail zona nord','activ','Spatiu parter mall, vitrina stradala 12m','user_func_001'),
('a1000011-0011-0011-0011-000000000011','Teren Agricol Intravilan','teren','Tarlaua 22, Parcela 140','Iași','privat','100011','CF-100011',22000.00,660000.00,'Teren agricol cu potential rezidential','activ','Intravilan, PUG permite locuinte si servicii','user_func_002'),
('a1000012-0012-0012-0012-000000000012','Cladire Biblioteca Municipala','cladire','Str. Culturii nr. 8','Iași','public','100012','CF-100012',1800.00,920000.00,'Biblioteca cu 80.000 volume','activ','Sediu biblioteca, sali lectura, depozit','user_admin_001'),
('a1000013-0013-0013-0013-000000000013','Spatiu Parcare Subterana Centru','spatiu','Str. Republicii nr. 2, subsol','Iași','public','100013','CF-100013',2400.00,820000.00,'Parcare subterana 120 locuri','activ','P-1 parcare, 120 locuri, sistem electronic','user_func_003'),
('a1000014-0014-0014-0014-000000000014','Teren Padure Urbana Perimetru','teren','Str. Padurii nr. 1','Iași','public','100014','CF-100014',45000.00,180000.00,'Padure urbana protejata','activ','Padure urbana, arie protejata, acces pietonal','user_admin_001')
ON CONFLICT (id) DO NOTHING;

-- ============================================================
-- TRANSACTIONS (24 inregistrari noi)
-- ============================================================
INSERT INTO transactions (id, property_id, property_denumire, tip, descriere, numar_hcl, data_tranzactie, status, created_by) VALUES
('b1000001-0001-0001-0001-000000000001','a1000003-0003-0003-0003-000000000003','Spatiu Birou Etaj 2 Centru Civic','inchiriere','Inchiriere spatii birouri SC Consult SRL pe 3 ani','HCL-2024-201','2024-01-15','finalizata','user_admin_001'),
('b1000002-0002-0002-0002-000000000002','a1000004-0004-0004-0004-000000000004','Teren Zona Industriala Sud','concesionare','Concesionare teren industrial SC Metal SA pentru 30 ani','HCL-2024-202','2024-02-10','finalizata','user_func_002'),
('b1000003-0003-0003-0003-000000000003','a1000001-0001-0001-0001-000000000001','Teren Str. Mihai Viteazu nr. 5','dareAdministrare','Dare in administrare Directiei Parcuri Cluj','HCL-2024-203','2024-02-20','aprobata','user_admin_001'),
('b1000004-0004-0004-0004-000000000004','a1000008-0008-0008-0008-000000000008','Spatiu Comercial Piata Agro','inchiriere','Licitatie inchiriere tarabe piata agroalimentara','HCL-2024-204','2024-03-05','finalizata','user_func_001'),
('b1000005-0005-0005-0005-000000000005','a1000010-0010-0010-0010-000000000010','Spatiu Comercial Mall Zona Nord','inchiriere','Inchiriere spatiu retail SC Moda SRL pe 5 ani','HCL-2024-205','2024-03-20','finalizata','user_func_001'),
('b1000006-0006-0006-0006-000000000006','a1000013-0013-0013-0013-000000000013','Spatiu Parcare Subterana Centru','inchiriere','Concesionare operare parcare subterana SC Park SRL','HCL-2024-206','2024-04-01','finalizata','user_func_003'),
('b1000007-0007-0007-0007-000000000007','a1000011-0011-0011-0011-000000000011','Teren Agricol Intravilan','vanzare','Vanzare teren intravilan prin licitatie publica','HCL-2024-207','2024-04-15','aprobata','user_admin_001'),
('b1000008-0008-0008-0008-000000000008','a1000006-0006-0006-0006-000000000006','Teren Parc Industrial Vest','concesionare','Concesionare parc industrial SC Industrial Park SA 49 ani','HCL-2024-208','2024-05-03','finalizata','user_func_002'),
('b1000009-0009-0009-0009-000000000009','a1000005-0005-0005-0005-000000000005','Constructie Centru Cultural','dareAdministrare','Dare in administrare Centrului Cultural Municipal','HCL-2024-209','2024-05-15','aprobata','user_admin_001'),
('b100000a-000a-000a-000a-00000000000a','a1000002-0002-0002-0002-000000000002','Cladire Scoala Generala nr. 4','modificareValoare','Reevaluare imobil conform expertiza tehnica 2024','HCL-2024-210','2024-05-25','finalizata','user_func_003'),
('b100000b-000b-000b-000b-00000000000b','a1000014-0014-0014-0014-000000000014','Teren Padure Urbana Perimetru','dareAdministrare','Dare in administrare Directiei de Mediu si Paduri Iasi','HCL-2024-211','2024-06-10','inDerulare','user_func_001'),
('b100000c-000c-000c-000c-00000000000c','a100000e-000e-000e-000e-00000000000e','Teren Sport Complex Multifunctional','dareFolosintaGratuita','Folosinta gratuita Asociatiei Sportive Municipale','HCL-2024-212','2024-06-20','aprobata','user_admin_001'),
('b100000d-000d-000d-000d-00000000000d','a1000012-0012-0012-0012-000000000012','Cladire Biblioteca Municipala','dareAdministrare','Dare in administrare Directiei Culturale','HCL-2024-213','2024-07-01','finalizata','user_func_001'),
('b100000e-000e-000e-000e-00000000000e','a100000f-000f-000f-000f-00000000000f','Constructie Depou Transport Local','dareAdministrare','Dare in administrare RATUC Cluj','HCL-2024-214','2024-07-10','finalizata','user_admin_001'),
('b100000f-000f-000f-000f-00000000000f','a100000d-000d-000d-000d-00000000000d','Cladire Sediu Primarie Comuna','modificareValoare','Actualizare valoare inventar sediu primarie Turda','HCL-2024-215','2024-07-20','finalizata','user_func_002'),
('b1000010-0010-0010-0010-000000000010','a100000a-000a-000a-000a-00000000000a','Cladire Gradinita cu Program Normal','dareAdministrare','Dare in administrare Inspectorat Scolar Judetean','HCL-2024-216','2024-08-01','aprobata','user_admin_001'),
('b1000011-0011-0011-0011-000000000011','a1000007-0007-0007-0007-000000000007','Cladire Spital Municipal Sectie','modificareValoare','Reevaluare corp C spital dupa lucrari extindere','HCL-2024-217','2024-08-15','finalizata','user_func_003'),
('b1000012-0012-0012-0012-000000000012','a100000b-000b-000b-000b-00000000000b','Spatiu Tehnic Statie Pompare','dareAdministrare','Transmis in administrare SC Apa Canal SA','HCL-2024-218','2024-09-01','finalizata','user_func_003'),
('b1000013-0013-0013-0013-000000000013','a1000009-0009-0009-0009-000000000009','Teren Cimitir Municipal Extindere','dareAdministrare','Dare in administrare Serviciului Public de Pompe Funebre','HCL-2024-219','2024-10-01','initiata','user_func_002'),
('b1000014-0014-0014-0014-000000000014','a1000013-0013-0013-0013-000000000013','Spatiu Parcare Subterana Centru','concesionare','Concesionare operare parcare subterana SC Park SRL','HCL-2024-220','2024-10-15','finalizata','user_func_003'),
('b1000015-0015-0015-0015-000000000015','a100000c-000c-000c-000c-00000000000c','Teren Fasie Protectie Cale Ferata','scoatereEvidenta','Scoatere din evidenta teren restrictat CF','HCL-2024-221','2024-11-01','aprobata','user_admin_001'),
('b1000016-0016-0016-0016-000000000016','a1000012-0012-0012-0012-000000000012','Cladire Biblioteca Municipala','modificareValoare','Reevaluare biblioteca dupa modernizare sala lectura','HCL-2024-222','2024-11-15','finalizata','user_func_001'),
('b1000017-0017-0017-0017-000000000017','a1000006-0006-0006-0006-000000000006','Teren Parc Industrial Vest','modificareValoare','Actualizare valoare inventar parc industrial','HCL-2024-223','2024-12-01','finalizata','user_func_002'),
('b1000018-0018-0018-0018-000000000018','a1000004-0004-0004-0004-000000000004','Teren Zona Industriala Sud','modificareValoare','Reevaluare teren industrial dupa studiu cadastral','HCL-2024-224','2024-12-15','finalizata','user_func_002')
ON CONFLICT (id) DO NOTHING;

-- ============================================================
-- CONTRACTS (30 inregistrari noi)
-- ============================================================
INSERT INTO contracts (id, property_id, property_denumire, transaction_id, numar_contract, parte_contractanta, data_inceput, data_final, valoare, valuta_moneda, status, note, created_by) VALUES
('c0000001-0001-0001-0001-000000000001','a1000003-0003-0003-0003-000000000003','Spatiu Birou Etaj 2 Centru Civic','b1000001-0001-0001-0001-000000000001','CONTRACT-2024-101','SC Consult SRL','2024-02-01','2027-01-31',28800.00,'RON','activ','Chirie 800 RON/luna, ajustare anuala CPI','user_admin_001'),
('c0000002-0002-0002-0002-000000000002','a1000004-0004-0004-0004-000000000004','Teren Zona Industriala Sud','b1000002-0002-0002-0002-000000000002','CONTRACT-2024-102','SC Metal SA','2024-03-01','2054-02-28',180000.00,'RON','activ','Concesiune 30 ani, redeventa 6000 RON/an','user_func_002'),
('c0000003-0003-0003-0003-000000000003','a1000008-0008-0008-0008-000000000008','Spatiu Comercial Piata Agro','b1000004-0004-0004-0004-000000000004','CONTRACT-2024-103','Asociatia Pietarilor Constanta','2024-04-01','2026-03-31',14400.00,'RON','activ','Chirie 600 RON/luna pentru 42 tarabe','user_func_001'),
('c0000004-0004-0004-0004-000000000004','a1000010-0010-0010-0010-000000000010','Spatiu Comercial Mall Zona Nord','b1000005-0005-0005-0005-000000000005','CONTRACT-2024-104','SC Moda SRL','2024-05-01','2029-04-30',96000.00,'RON','activ','Chirie 1600 RON/luna + 1% CA lunara','user_func_001'),
('c0000005-0005-0005-0005-000000000005','a1000013-0013-0013-0013-000000000013','Spatiu Parcare Subterana Centru','b1000006-0006-0006-0006-000000000006','CONTRACT-2024-105','SC Park Management SRL','2024-05-01','2034-04-30',240000.00,'RON','activ','Concesionare operare 10 ani, 2000 RON/luna','user_func_003'),
('c0000006-0006-0006-0006-000000000006','a1000006-0006-0006-0006-000000000006','Teren Parc Industrial Vest','b1000008-0008-0008-0008-000000000008','CONTRACT-2024-106','SC Industrial Park SA','2024-06-01','2073-05-31',980000.00,'RON','activ','Concesiune 49 ani, redeventa 20000 RON/an','user_func_002'),
('c0000007-0007-0007-0007-000000000007','a1000005-0005-0005-0005-000000000005','Constructie Centru Cultural','b1000009-0009-0009-0009-000000000009','CONTRACT-2024-107','Centrul Cultural Municipal','2024-06-15','2029-06-14',0.00,'RON','activ','Administrare gratuita, intretinere pe seama admin','user_admin_001'),
('c0000008-0008-0008-0008-000000000008','a100000e-000e-000e-000e-00000000000e','Teren Sport Complex Multifunctional','b100000c-000c-000c-000c-00000000000c','CONTRACT-2024-108','Asociatia Sportiva Municipala','2024-07-01','2026-06-30',0.00,'RON','activ','Folosinta gratuita, intretinere pe seama AS','user_admin_001'),
('c0000009-0009-0009-0009-000000000009','a100000f-000f-000f-000f-00000000000f','Constructie Depou Transport Local','b100000e-000e-000e-000e-00000000000e','CONTRACT-2024-109','RATUC Cluj SA','2024-08-01','2034-07-31',0.00,'RON','activ','Administrare gratuita, obligatie mentenanta','user_admin_001'),
('c000000a-000a-000a-000a-00000000000a','a1000012-0012-0012-0012-000000000012','Cladire Biblioteca Municipala','b100000d-000d-000d-000d-00000000000d','CONTRACT-2024-110','Directia Culturala','2024-09-01','2029-08-31',0.00,'RON','activ','Administrare gratuita, acces public garantat','user_admin_001'),
('c000000b-000b-000b-000b-00000000000b','a100000a-000a-000a-000a-00000000000a','Cladire Gradinita cu Program Normal','b1000010-0010-0010-0010-000000000010','CONTRACT-2024-111','Inspectoratul Scolar Judetean','2024-09-15','2029-09-14',0.00,'RON','activ','Administrare gratuita, 4 grupe copii','user_func_001'),
('c000000c-000c-000c-000c-00000000000c','a1000014-0014-0014-0014-000000000014','Teren Padure Urbana Perimetru','b100000b-000b-000b-000b-00000000000b','CONTRACT-2024-112','Directia Mediu si Paduri Iasi','2025-01-01','2030-12-31',0.00,'RON','activ','Administrare padure urbana, plan de management','user_admin_001'),
('c000000d-000d-000d-000d-00000000000d','a100000d-000d-000d-000d-00000000000d','Cladire Sediu Primarie Comuna',NULL,'CONTRACT-2023-022','SC Intretinere Cladiri SRL','2023-01-01','2025-12-31',12000.00,'RON','activ','Mentenanta cladire primarie, reparatii curente','user_func_002'),
('c000000e-000e-000e-000e-00000000000e','a1000002-0002-0002-0002-000000000002','Cladire Scoala Generala nr. 4',NULL,'CONTRACT-2024-118','SC Curat SRL','2024-09-01','2025-08-31',24000.00,'RON','activ','Servicii curatenie scoala generala, anual','user_func_001'),
('c000000f-000f-000f-000f-00000000000f','a100000e-000e-000e-000e-00000000000e','Teren Sport Complex Multifunctional',NULL,'CONTRACT-2024-119','SC Gazon Verde SRL','2024-01-01','2026-12-31',36000.00,'RON','activ','Intretinere gazon si facilitati sportive','user_func_003'),
('c0000010-0010-0010-0010-000000000010','a1000012-0012-0012-0012-000000000012','Cladire Biblioteca Municipala',NULL,'CONTRACT-2022-044','SC Security SRL','2022-01-01','2025-12-31',43200.00,'RON','activ','Paza si supraveghere biblioteca municipala','user_admin_001'),
('c0000011-0011-0011-0011-000000000011','a100000b-000b-000b-000b-00000000000b','Spatiu Tehnic Statie Pompare','b1000012-0012-0012-0012-000000000012','CONTRACT-2024-116','SC Apa Canal SA','2024-12-01','2044-11-30',0.00,'RON','activ','Administrare infrastructura apa-canal','user_func_003'),
-- contracte expirate/finalizate
('c0000012-0012-0012-0012-000000000012','a1000003-0003-0003-0003-000000000003','Spatiu Birou Etaj 2 Centru Civic',NULL,'CONTRACT-2022-201','SC Design Studio SRL','2022-03-01','2024-02-28',21600.00,'RON','expirat','Contract expirat, spatiu reintrat in patrimoniu','user_func_001'),
('c0000013-0013-0013-0013-000000000013','a1000004-0004-0004-0004-000000000004','Teren Zona Industriala Sud',NULL,'CONTRACT-2021-005','SC Constructii XYZ SRL','2021-01-01','2023-12-31',36000.00,'RON','expirat','Contract expirat depozit materiale','user_func_002'),
('c0000014-0014-0014-0014-000000000014','a1000010-0010-0010-0010-000000000010','Spatiu Comercial Mall Zona Nord',NULL,'CONTRACT-2020-088','SC Fashion SRL','2020-06-01','2023-05-31',57600.00,'RON','expirat','Contract anterior, reziliat anticipat 2022','user_func_001'),
('c0000015-0015-0015-0015-000000000015','a1000008-0008-0008-0008-000000000008','Spatiu Comercial Piata Agro',NULL,'CONTRACT-2021-033','Asociatia Comerciantilor','2021-01-01','2023-12-31',10800.00,'RON','expirat','Contract anterior piata, conditii schimbate','user_func_001'),
('c0000016-0016-0016-0016-000000000016','a1000006-0006-0006-0006-000000000006','Teren Parc Industrial Vest',NULL,'CONTRACT-2019-012','SC Depozit Rapid SRL','2019-06-01','2024-05-31',60000.00,'RON','finalizat','Depozitare marfuri, contract finalizat normal','user_func_002'),
('c0000017-0017-0017-0017-000000000017','a1000007-0007-0007-0007-000000000007','Cladire Spital Municipal Sectie',NULL,'CONTRACT-2023-044','SC Servicii Curatenie SRL','2023-01-01','2023-12-31',48000.00,'RON','finalizat','Servicii curatenie si dezinfectie spital','user_func_003'),
('c0000018-0018-0018-0018-000000000018','a1000001-0001-0001-0001-000000000001','Teren Str. Mihai Viteazu nr. 5',NULL,'CONTRACT-2023-055','SC Verde SRL','2023-04-01','2023-10-31',4200.00,'RON','finalizat','Intretinere spatiu verde sezon 2023','user_admin_001'),
('c0000019-0019-0019-0019-000000000019','a1000011-0011-0011-0011-000000000011','Teren Agricol Intravilan',NULL,'CONTRACT-2023-070','SC Agri Development SRL','2023-05-01','2024-04-30',18000.00,'RON','finalizat','Arenda anuala teren agricol 22000 mp','user_func_002'),
('c000001a-001a-001a-001a-00000000001a','a1000013-0013-0013-0013-000000000013','Spatiu Parcare Subterana Centru',NULL,'CONTRACT-2022-091','SC Garaje Ploiesti SRL','2022-01-01','2024-12-31',72000.00,'RON','finalizat','Administrare temporara parcare subterana','user_func_003'),
('c000001b-001b-001b-001b-00000000001b','a1000005-0005-0005-0005-000000000005','Constructie Centru Cultural',NULL,'CONTRACT-2023-080','SC Evenimente SRL','2023-01-01','2024-12-31',24000.00,'RON','finalizat','Organizare evenimente culturale 2023-2024','user_admin_001'),
('c000001c-001c-001c-001c-00000000001c','a100000f-000f-000f-000f-00000000000f','Constructie Depou Transport Local',NULL,'CONTRACT-2022-055','SC Mentenanta SA','2022-06-01','2024-05-31',36000.00,'RON','finalizat','Mentenanta depou tramvaie 2022-2024','user_func_003'),
('c000001d-001d-001d-001d-00000000001d','a1000009-0009-0009-0009-000000000009','Teren Cimitir Municipal Extindere',NULL,'CONTRACT-2022-033','SC Peisagistica SRL','2022-03-01','2024-02-28',8400.00,'RON','expirat','Intretinere zona verde cimitir','user_func_002'),
('c000001e-001e-001e-001e-00000000001e','a100000d-000d-000d-000d-00000000000d','Cladire Sediu Primarie Comuna',NULL,'CONTRACT-2021-018','SC IT Solutions SRL','2021-01-01','2023-12-31',15000.00,'RON','expirat','Servicii IT si mentenanta echipamente primarie','user_func_001')
ON CONFLICT (id) DO NOTHING;

-- ============================================================
-- AUCTIONS (44 inregistrari noi)
-- ============================================================
INSERT INTO auctions (id, property_id, property_denumire, titlu, tip_atribuire, pret_pornire, pas_licitare, garantie_participare, data_inceput, data_final, status, descriere, created_by) VALUES
-- ATRIBUITE (8)
('d0000001-0001-0001-0001-000000000001','a1000003-0003-0003-0003-000000000003','Spatiu Birou Etaj 2 Centru Civic','Licitatie inchiriere birouri Centru Civic 2024','inchiriere',700.00,50.00,140.00,'2024-01-05 09:00:00+02','2024-02-05 17:00:00+02','atribuita','Licitatie 3 ani birouri etaj 2','user_admin_001'),
('d0000002-0002-0002-0002-000000000002','a1000004-0004-0004-0004-000000000004','Teren Zona Industriala Sud','Concesionare teren industrial sub 30 ani','concesionare',5000.00,200.00,1000.00,'2024-02-01 09:00:00+02','2024-03-01 17:00:00+02','atribuita','Concesionare 30 ani cu drept de construire','user_func_002'),
('d0000003-0003-0003-00０3-００００００００００３','a1００００１１-１１１１-１１１１-１１１１-１１１１１１１１１２','Teren Agricol Intravilan','Vanzare teren intravilan cu PUZ aprobat','vanzare',1２００００.００,２０００.００,1２０００.００,'２９９９９９９９９９９９９９９９９９８８８８８８８８８８８８８８８８８８８７７７７７７７７７７７７７７７７７７６６６６６６６６６６６６６６６６６６５５５５５５５５５５５５５５５５５４４４４４４４４４４４４４４４４４３３３３３３３３３３３３３３３３３２２２２２２２２２２２２２２２２２１１１１１１１１１１１１１１１１₁₁₁₁₁₁₁₁₁₁₁₁₁₁₁₁₀₀₀₀₀₀₀₀₀₀₀₀₀₀₀₀
('d0000008-0008-0008-0008-000000000008','a1000001-0001-0001-0001-000000000001','Teren Str. Mihai Viteazu nr. 5','Inchiriere teren spatiu verde activitati recreative ','inchiriere',300.00,20.00,60.00,'2024-04-20 09:00:00+03','2024-05-20 17:00:00+03','atribuita','Inchiriere sezoniera 1 an activitati recreative','user_admin_001'),
-- INCHISE (8)
('d0000009-0009-0009-0009-000000000009','a1000007-0007-0007-0007-000000000007','Cladire Spital Municipal Sectie','Concesionare spatiu cafeteria spital','concesionare',1200.00,50.00,240.00,'2024-06-01 09:00:00+03','2024-07-01 17:00:00+03','inchisa','Spatiu 80mp cafeteria corp A spital','user_func_001'),
('d000000a-000a-000a-000a-00000000000a','a100000d-000d-000d-000d-00000000000d','Cladire Sediu Primarie Comuna','Inchiriere sala conferinte primarie 1 an','inchiriere',200.00,10.00,40.00,'2024-07-01 09:00:00+03','2024-08-01 17:00:00+03','inchisa','Sala conferinte 50 locuri, uzura medie','user_func_002'),
('d000000b-000b-000b-000b-00000000000b','a100000e-000e-000e-000e-00000000000e','Teren Sport Complex Multifunctional','Concesionare teren tenis 5 terenuri complex','concesionare',2000.00,100.00,400.00,'2024-07-15 09:00:00+03','2024-08-15 17:00:00+03','inchisa','Concesionare 5 terenuri tenis 10 ani','user_admin_001'),
('d000000c-000c-000c-000c-00000000000c','a1000012-0012-0012-0012-000000000012','Cladire Biblioteca Municipala','Inchiriere spatiu cafenea biblioteca','inchiriere',350.00,25.00,70.00,'2024-08-01 09:00:00+03','2024-09-01 17:00:00+03','inchisa','Spatiu 45mp cafenea, contract 2 ani','user_admin_001'),
('d000000d-000d-000d-000d-00000000000d','a1000002-0002-0002-0002-000000000002','Cladire Scoala Generala nr. 4','Concesionare cantina scolara scoala','concesionare',400.00,20.00,80.00,'2024-09-15 09:00:00+03','2024-10-15 17:00:00+03','inchisa','Cantina scoala 120 locuri, preparare mese','user_func_001'),
('d000000e-000e-000e-000e-00000000000e','a100000a-000a-000a-000a-00000000000a','Cladire Gradinita cu Program Normal','Concesionare spatiu after-school gradinita','concesionare',300.00,20.00,60.00,'2024-10-01 09:00:00+03','2024-11-01 17:00:00+03','inchisa','After-school 40mp, max 20 copii','user_func_001'),
('d000000f-000f-000f-000f-00000000000f','a1000009-0009-0009-0009-000000000009','Teren Cimitir Municipal Extindere','Concesionare locuri veci cimitir municipal','concesionare',500.00,50.00,100.00,'2024-10-15 09:00:00+03','2024-11-15 17:00:00+03','inchisa','50 locuri veci, concesiune perpetua','user_func_002'),
-- PUBLICATE (8)
('d0000010-0010-0010-0010-000000000010','a1000005-0005-0005-0005-000000000005','Constructie Centru Cultural','Concesionare spatiu restaurant centru cultural','concesionare',1500.00,100.00,300.00,'2025-02-01 09:00:00+02','2025-03-01 17:00:00+02','publicata','Spatiu 120mp restaurant/bar, eveniment','user_admin_001'),
('d0000011-0011-0011-0011-000000000011','a1000014-0014-0014-0014-000000000014','Teren Padure Urbana Perimetru','Concesionare activitati eco-turism padure urbana','concesionare',800.00,50.00,160.00,'2025-02-15 09:00:00+02','2025-03-15 17:00:00+02','publicata','Eco-turism, trasee, activitati de invatare','user_admin_001'),
('d0000012-0012-0012-0012-000000000012','a1000013-0013-0013-0013-000000000013','Spatiu Parcare Subterana Centru','Licitatie abonamente parcare subterana 2025','inchiriere',250.00,25.00,50.00,'2025-03-01 09:00:00+02','2025-04-01 17:00:00+02','publicata','Abonamente lunare 120 locuri, 3 ani','user_func_003'),
('d0000013-0013-0013-0013-000000000013','a1000011-0011-0011-0011-000000000011','Teren Agricol Intravilan','Concesionare teren agricol productie','concesionare',3000.00,200.00,600.00,'2025-03-15 09:00:00+02','2025-04-15 17:00:00+02','publicata','Productie agricola intensiva, 22000mp','user_func_002'),
('d0000014-0014-0014-0014-000000000014','a100000f-000f-000f-000f-00000000000f','Constructie Depou Transport Local','Concesionare hala atelier privat depou','concesionare',4000.00,200.00,800.00,'2025-04-01 09:00:00+03','2025-05-01 17:00:00+03','publicata','Hala 800mp atelier, in afara programului RATUC','user_func_003'),
('d0000015-0015-0015-0015-000000000015','a100000b-000b-000b-000b-00000000000b','Spatiu Tehnic Statie Pompare','Concesionare spatiu statie pompare','concesionare',500.00,30.00,100.00,'2025-04-15 09:00:00+03','2025-05-15 17:00:00+03','publicata','Operare statie pompare SC Apa Canal','user_func_003'),
('d0000016-0016-0016-0016-000000000016','a100000c-000c-000c-000c-00000000000c','Teren Fasie Protectie Cale Ferata','Concesionare teren fasie panouri publicitare','concesionare',1000.00,100.00,200.00,'2025-05-01 09:00:00+03','2025-06-01 17:00:00+03','publicata','Panouri publicitare, maxim 3 structuri','user_admin_001'),
-- DRAFT (8)
('d0000017-0017-0017-0017-000000000017','a1000001-0001-0001-0001-000000000001','Teren Str. Mihai Viteazu nr. 5','Inchiriere teren amplasament chiosc 2025 sezon','inchiriere',100.00,10.00,20.00,'2025-05-01 09:00:00+03','2025-06-01 17:00:00+03','draft','Chiosc sezonier, 12mp, sezon mai-sept','user_admin_001'),
('d0000018-0018-0018-0018-000000000018','a1000007-0007-0007-0007-000000000007','Cladire Spital Municipal Sectie','Concesionare parcare spital 120 locuri','concesionare',2500.00,100.00,500.00,'2025-06-01 09:00:00+03','2025-07-01 17:00:00+03','draft','Concesionare parcare spital 5 ani','user_func_001'),
('d0000019-0019-0019-0019-000000000019','a1000002-0002-0002-0002-000000000002','Cladire Scoala Generala nr. 4','Concesionare sala sport scoala seri si weekend','concesionare',600.00,50.00,120.00,'2025-06-15 09:00:00+03','2025-07-15 17:00:00+03','draft','Sala sport 20x40m, seri si weekend','user_func_001'),
('d000001a-001a-001a-001a-00000000001a','a1000004-0004-0004-0004-000000000004','Teren Zona Industriala Sud','Vanzare lot teren industrial 5000mp','vanzare',80000.00,2000.00,8000.00,'2025-07-01 09:00:00+03','2025-08-01 17:00:00+03','draft','Vanzare lot 5000mp zona industriala sud','user_func_002'),
('d000001b-001b-001b-001b-00000000001b','a1000005-0005-0005-0005-000000000005','Constructie Centru Cultural','Inchiriere sala spectacole centru cultural 2025','inchiriere',2000.00,100.00,400.00,'2025-07-15 09:00:00+03','2025-08-15 17:00:00+03','draft','Sala 300 locuri spectacole, evenimente','user_admin_001'),
('d000001c-001c-001c-001c-00000000001c','a1000006-0006-0006-0006-000000000006','Teren Parc Industrial Vest','Inchiriere teren depozitare parc industrial','inchiriere',5000.00,300.00,1000.00,'2025-08-15 09:00:00+03','2025-09-15 17:00:00+03','draft','Depozitare 5000mp platforma betonata','user_func_002'),
('d000001d-001d-001d-001d-00000000001d','a1000008-0008-0008-0008-000000000008','Spatiu Comercial Piata Agro','Inchiriere tarabe piata agro lot 2','inchiriere',600.00,30.00,120.00,'2025-09-01 09:00:00+03','2025-10-01 17:00:00+03','draft','Lot 2 tarabe, zona acoperita B','user_func_001'),
-- ANULATE (4)
('d000001e-001e-001e-001e-00000000001e','a1000011-0011-0011-0011-000000000011','Teren Agricol Intravilan','Vanzare teren agricol 2023 - anulata','vanzare',50000.00,1000.00,5000.00,'2023-09-01 09:00:00+03','2023-10-01 17:00:00+03','anulata','Anulata: litigiu limita de proprietate','user_admin_001'),
('d000001f-001f-001f-001f-00000000001f','a1000004-0004-0004-0004-000000000004','Teren Zona Industriala Sud','Concesionare teren sud - anulata 2023','concesionare',3000.00,200.00,600.00,'2023-05-01 09:00:00+03','2023-06-01 17:00:00+03','anulata','Anulata: documentatie incompleta depusa','user_func_002'),
('d0000020-0020-0020-0020-000000000020','a1000013-0013-0013-0013-000000000013','Spatiu Parcare Subterana Centru','Inchiriere locuri parcare abonament - anulata','inchiriere',100.00,10.00,20.00,'2023-11-01 09:00:00+02','2023-12-01 17:00:00+02','anulata','Anulata: decizii tribunal privind parcarea','user_func_003'),
('d0000021-0021-0021-0021-000000000021','a1000003-0003-0003-0003-000000000003','Spatiu Birou Etaj 2 Centru Civic','Licitatie birouri centru civic anulata 2022','inchiriere',600.00,30.00,120.00,'2022-06-01 09:00:00+03','2022-07-01 17:00:00+03','anulata','Anulata: cladire in reparatii urgente','user_admin_001'),
-- CONTESTATE (2)
('d0000022-0022-0022-0022-000000000022','a1000008-0008-0008-0008-000000000008','Spatiu Comercial Piata Agro','Licitatie piata agroalimentara contestata 2024','inchiriere',600.00,30.00,120.00,'2024-01-10 09:00:00+02','2024-02-10 17:00:00+02','contestata','Contestata: ofertant eliminat ilegal','user_func_001'),
('d0000023-0023-0023-0023-000000000023','a1000010-0010-0010-0010-000000000010','Spatiu Comercial Mall Zona Nord','Licitatie spatiu mall contestata 2023','inchiriere',1800.00,100.00,360.00,'2023-10-01 09:00:00+03','2023-11-01 17:00:00+03','contestata','Contestata: criteriu atribuire neconform','user_func_001'),
-- ACTIVE (6)
('d0000024-0024-0024-0024-000000000024','a1000003-0003-0003-0003-000000000003','Spatiu Birou Etaj 2 Centru Civic','Licitatie inchiriere birou Centru Civic 2025','inchiriere',850.00,50.00,170.00,'2025-06-01 09:00:00+03','2025-07-01 17:00:00+03','activa','Birouri 320mp etaj 2, parcare inclusa','user_admin_001'),
('d0000025-0025-0025-0025-000000000025','a1000005-0005-0005-0005-000000000005','Constructie Centru Cultural','Concesionare foyer centru cultural 2025','concesionare',1200.00,80.00,240.00,'2025-06-10 09:00:00+03','2025-07-10 17:00:00+03','activa','Foyer 200mp, bar-cafenea, evenimente','user_admin_001'),
('d0000026-0026-0026-0026-000000000026','a1000012-0012-0012-0012-000000000012','Cladire Biblioteca Municipala','Inchiriere spatiu bistro biblioteca 2025','inchiriere',400.00,25.00,80.00,'2025-06-15 09:00:00+03','2025-07-15 17:00:00+03','activa','Spatiu 60mp bistro, oras cartii','user_admin_001'),
('d0000027-0027-0027-0027-000000000027','a100000e-000e-000e-000e-00000000000e','Teren Sport Complex Multifunctional','Concesionare teren padel complex 2025','concesionare',3000.00,150.00,600.00,'2025-06-20 09:00:00+03','2025-07-20 17:00:00+03','activa','Teren padel 4 terenuri, concesionare 15 ani','user_admin_001'),
('d0000028-0028-0028-0028-000000000028','a1000007-0007-0007-0007-000000000007','Cladire Spital Municipal Sectie','Concesionare farmacia spitalului 2025','concesionare',2000.00,100.00,400.00,'2025-06-22 09:00:00+03','2025-07-22 17:00:00+03','activa','Farmacie 60mp, program 24/7','user_func_001'),
('d0000029-0029-0029-0029-000000000029','a1000006-0006-0006-0006-000000000006','Teren Parc Industrial Vest','Inchiriere teren productie parc industrial 2025','inchiriere',8000.00,500.00,1600.00,'2025-06-23 09:00:0<PASSWORD>+<PASSWORD>','2<PASSWORD>-<PASSWORD> 17: <PASSWORD>: <PASSWORD>+<PASSWORD>','activa','Teren 1<PASSWORD>mp cu utilitati, productie usoara','user_func_<PASSWORD>')
ON CONFLICT (id) DO NOTHING;

-- UPDATE castigatori licitatii atribuite
UPDATE auctions SET castigator_id='user_ext_001', castigator_nume='George Marinescu / SC Consult SRL',     oferta_castigatoare=750.00    WHERE id='d0000001-0001-0001-0001-000000000001';
UPDATE auctions SET castigator_id='user_ext_002', castigator_nume='Ana Gheorghe / SC Metal SA',            oferta_castigatoare=5400.00   WHERE id='d0000002-0002-0002-0002-000000000002';
UPDATE auctions SET castigator_id='user_ext_001', castigator_nume='George Marinescu / Asoc Pietari',      oferta_castigatoare=550.00    WHERE id='d0000003-0003-0003-0003-000000000003';
UPDATE auctions SET castigator_id='user_ext_002', castigator_nume='Ana Gheorghe / SC Moda SRL',           oferta_castigatoare=1650.00   WHERE id='d0000004-0004-0004-0004-000000000004';
UPDATE auctions SET castigator_id='user_ext_001', castigator_nume='George Marinescu / SC Park SRL',       oferta_castigatoare=1950.00   WHERE id='d0000005-0005-0005-0005-000000000005';
UPDATE auctions SET castigator_id='user_ext_002', castigator_nume='Ana Gheorghe / SC Industrial SA',      oferta_castigatoare=15800.00  WHERE id='d0000006-0006-0006-0006-000000000006';
UPDATE auctions SET castigator_id='user_ext_001', castigator_nume='George Marinescu / SC Imobil Dev SRL', oferta_castigatoare=128000.00 WHERE id='d0000007-0007-0007-0007-000000000007';
UPDATE auctions SET castigator_id='user_ext_002', castigator_nume='Ana Gheorghe / SC Verde SRL',          oferta_castigatoare=320.00    WHERE id='d0000008-0008-0008-0008-000000000008';

-- VERIFICARE FINALE
SELECT 'properties' as tabel, COUNT(*) as total FROM properties
UNION ALL SELECT 'transactions', COUNT(*) FROM transactions
UNION ALL SELECT 'contracts', COUNT(*) FROM contracts
UNION ALL SELECT 'auctions', COUNT(*) FROM auctions
ORDER BY tabel;
